text,category
The football match was thrilling and full of excitement.,sports
The player scored a stunning goal in the last minute!,sports
Cricket fans cheered loudly during the final over.,sports
The basketball team practiced hard before the championship.,sports
Ronaldo and Messi both played exceptionally well last night.,sports
The coach praised the athletes for their dedication.,sports
The tennis tournament attracted players from around the world.,sports
He trained for months to run the marathon successfully.,sports
The new stadium was packed with cheering supporters.,sports
The World Cup final brought millions of fans together.,sports
The referee made a controversial decision during the game.,sports
Athletes must maintain strict diets for peak performance.,sports
The Olympic Games are the biggest sporting event in the world.,sports
Fans celebrated their teamâ€™s victory in the streets.,sports
The swimmer broke the national record for freestyle.,sports
Artificial intelligence is transforming technology rapidly.,technology
The new smartphone launch surprised the tech world.,technology
Quantum computing is the next big revolution in data processing.,technology
Developers use Python to create powerful machine learning models.,technology
The company released an innovative electric vehicle model.,technology
Cybersecurity experts are working to prevent data breaches.,technology
Robots are being used in industries to automate processes.,technology
Cloud computing allows users to access data from anywhere.,technology
5G technology promises faster internet speeds and connectivity.,technology
Blockchain technology ensures secure transactions online.,technology
Virtual reality is enhancing user experiences in gaming.,technology
AI chatbots are improving customer support efficiency.,technology
The startup developed a new wearable fitness tracker.,technology
Autonomous cars are the future of transportation.,technology
Tech companies are investing heavily in green energy solutions.,technology
I love making delicious pasta and trying new recipes.,food
The bakery sells the best chocolate cake in town.,food
Eating fruits and vegetables daily keeps you healthy.,food
I love to eat pizza and sandwiches.,food
He cooked spicy noodles and shared them with friends.,food
Freshly squeezed orange juice is perfect for breakfast.,food
The chef prepared a five-course gourmet dinner.,food
She baked cookies that smelled amazing in the kitchen.,food
Street food festivals attract thousands of visitors every year.,food
The restaurant introduced a new vegan menu.,food
Ice cream is a perfect dessert for hot summer days.,food
Homemade soup is both healthy and delicious.,food
The waiter recommended the house special lasagna.,food
They enjoyed sushi at a traditional Japanese restaurant.,food
Food bloggers often share creative recipes on social media.,food
Farmers are cultivating the field.,Agriculture
Village people will harvest the field tomorrow.,Agriculture
Modern irrigation helps increase crop productivity.,Agriculture
Cows and buffaloes are important for rural farming.,Agriculture
Organic farming improves soil quality naturally.,Agriculture
The government introduced new policies for farmers.,Agriculture
Agricultural drones help monitor large crop areas.,Agriculture
Rainfall this season has helped the crops grow better.,Agriculture
Farmers use fertilizers to improve crop yield.,Agriculture
Soil testing ensures proper nutrient balance for crops.,Agriculture
Tractors make farming more efficient and less labor-intensive.,Agriculture
Pesticides should be used carefully to avoid soil damage.,Agriculture
The agricultural sector contributes greatly to the economy.,Agriculture
Farmers adopted new hybrid seeds to increase production.,Agriculture
Water conservation is essential for sustainable farming.,Agriculture
Students are preparing for their final examinations.,education
Online learning platforms make education accessible to everyone.,education
Teachers are guiding students through interactive sessions.,education
The school introduced a new digital learning system.,education
Exams were postponed due to heavy rainfall.,education
He completed his graduation in computer science.,education
The university offers scholarships to meritorious students.,education
Libraries are great sources of knowledge for learners.,education
Group discussions help improve communication skills.,education
Coding is becoming an essential skill in modern education.,education
Parents attended the annual school meeting.,education
The teacher conducted a fun quiz competition.,education
Research papers are important for higher education.,education
Students participated in a national science fair.,education
Education plays a crucial role in shaping society.,education
Regular exercise and a balanced diet are essential for good health.,health
Doctors recommend drinking plenty of water daily.,health
Yoga and meditation help reduce stress effectively.,health
The hospital launched a new vaccination campaign.,health
Eating junk food frequently can lead to obesity.,health
The patient recovered quickly after surgery.,health
Nurses are providing excellent care to all patients.,health
Mental health awareness is increasing in society.,health
Doctors advise eight hours of sleep for a healthy body.,health
The clinic introduced free health check-ups every Sunday.,health
Fitness trackers help people monitor their activity levels.,health
A balanced diet can prevent many chronic diseases.,health
Health experts suggest regular medical checkups.,health
People should avoid smoking for better lung health.,health
Proper hygiene prevents the spread of infections.,health
The new movie broke all box office records.,entertainment
The singer released a new hit album this week.,entertainment
People enjoyed the comedy show last night.,entertainment
Streaming platforms are changing how we watch TV.,entertainment
The actor won an award for his outstanding performance.,entertainment
Fans eagerly awaited the trailer of the upcoming film.,entertainment
"The concert was full of lights, energy, and music.",entertainment
Video games are becoming a popular form of entertainment.,entertainment
The director announced a sequel to the blockbuster movie.,entertainment
The award ceremony was broadcast live worldwide.,entertainment
The reality show gained massive viewership this season.,entertainment
Celebrities often influence fashion and lifestyle trends.,entertainment
The movie soundtrack became an instant chart-topper.,entertainment
Theater performances are gaining popularity again.,entertainment
Animation studios are releasing visually stunning films.,entertainment
The prime minister addressed the nation on Independence Day.,politics
Elections will be held next month across the country.,politics
New policies were introduced to improve the economy.,politics
The government passed a bill to support small businesses.,politics
The opposition party criticized the new tax reforms.,politics
Parliament discussed the challenges in rural development.,politics
Citizens protested peacefully demanding equal rights.,politics
The president met foreign leaders to strengthen relations.,politics
Voters participated actively in the democratic process.,politics
Political debates were held before the election.,politics
The cabinet approved a new infrastructure project.,politics
International relations are crucial for national growth.,politics
Media plays a big role in shaping public opinion.,politics
The government announced a new social welfare scheme.,politics
Leaders urged citizens to maintain peace and unity.,politics
